{
	"class_name" : "PinholeCameraParameters",
	"extrinsic" : 
	[
		0.47360392141893876,
		0.79015320150532087,
		-0.38904658303022754,
		0.0,
		-0.015117607357272519,
		0.44895605997292232,
		0.89342594218064952,
		0.0,
		0.8806081895851271,
		-0.41724857622822614,
		0.22457257640042153,
		0.0,
		76.583356293999444,
		-54.681093105135275,
		82.074579459081235,
		1.0
	],
	"intrinsic" : 
	{
		"height" : 1043,
		"intrinsic_matrix" : 
		[
			903.26449614716955,
			0.0,
			0.0,
			0.0,
			903.26449614716955,
			0.0,
			959.5,
			521.0,
			1.0
		],
		"width" : 1920
	},
	"version_major" : 1,
	"version_minor" : 0
}